<?xml version="1.0" encoding="UTF-8"?>
<!DOCTYPE mapper
    PUBLIC "-//mybatis.org//DTD Mapper 3.0//EN"
    "http://mybatis.org/dtd/mybatis-3-mapper.dtd">
<mapper namespace="board">

	<!-- 게시글 목록 조회(페이징) -->
	<select id="listAll" resultType="com.ht.season.board.BoardDTO">
	<![CDATA[select X.* from(select rownum as rnum,A.* from(SELECT bno,title,content,board_date,spot from board order by bno DESC) A where rownum < #{listSize}) X where X.rnum >= #{startList}]]>

		<trim prefix="And" prefixOverrides="AND|OR">
			<if
				test="searchType=='title' and keyword != null and keyword != '' ">
				AND TITLE like '%' || #{keyword} || '%'
			</if>
			<if
				test="searchType=='num' and keyword != null and keyword != '' ">
				AND BNO = #{keyword}
			</if>
			<if
				test="searchType=='reg_spot' and keyword != null and keyword != '' ">
				AND SPOT like '%' || #{keyword} || '%'
			</if>
			<if
				test="searchType=='reg_day' and keyword != null and keyword != '' ">
				AND board_date like '%' || #{keyword} || '%'
			</if>
		</trim>
	</select>
	<select id="listCnt" resultType="int">
		select count(*) as listCnt from board
		<trim prefix="WHERE" prefixOverrides="AND|OR">
			<if test="keyword != null and keyword != '' ">
				<if test="searchType=='title'">
					AND title like '%' || #{keyword} || '%'
				</if>
				<if test="searchType=='num'">
					AND bno = #{keyword}
				</if>
				<if test="searchType=='reg_id'">
					AND spot like '%' || #{keyword} || '%'
				</if>
				<if test="searchType=='reg_day'">
					AND board_date like '%' || #{keyword} || '%'
				</if>
			</if>
		</trim>
	</select>
	<!-- 게시글 작성 -->
	<insert id="insert"> <!-- NVL = 그값이 null이면 들어가는 Default 값 -->
		insert into board (bno,title,content,board_date,spot) values((select
		NVL(MAX(bno)+1,1)from board),
		#{title},#{content},sysdate,#{spot})
	</insert>
	<!-- 게시글 상세보기 -->
	<select id="view" resultType="com.ht.season.board.BoardDTO">
		select
		bno,title,content,board_date,spot from board
		where bno = #{bno}
	</select>
	<!-- 게시글 수정 처리 -->
	<update id="updateArticle">
		update board set
		title= #{title},
		content = #{content},
		spot = #{spot}
		where bno = #{bno}
	</update>
	<!-- 게시글 삭제 -->
	<delete id="deleteArticle">
		Delete from board
		where bno = #{bno}
	</delete>
</mapper>