<?xml version="1.0" encoding="UTF-8"?>
<!DOCTYPE mapper
    PUBLIC "-//mybatis.org//DTD Mapper 3.0//EN"
    "http://mybatis.org/dtd/mybatis-3-mapper.dtd">
<mapper namespace="food">
	<select id="viewFood" resultType="com.ht.season.food.foodDTO">
		Select * from food order by fid
	</select>
	
	<insert id="insert" parameterType="map"> <!-- NVL = 그값이 null이면 들어가는 Default 값 -->
	insert into food (fid,name,life,country,price,unit) values(FOOD_SEQ.NEXTVAL,#{name},#{life},#{country},#{price},#{unit})
	</insert>
	<insert id="insertStock" parameterType="map"> <!-- NVL = 그값이 null이면 들어가는 Default 값 -->
	insert into food (fid,name,life,country,price,unit) values(FOOD_SEQ.NEXTVAL,#{name},#{life},#{country},#{price},#{unit})
	</insert>
	<insert id="foodinsert" parameterType="map"> <!-- NVL = 그값이 null이면 들어가는 Default 값 -->
		insert into food (fid,name,life,country,price,unit) values(FOOD_SEQ.NEXTVAL,#{name},#{life},#{country},#{price},#{unit})
	</insert>
</mapper>